Algorithm/Tool,K,Motif,Score
Weighted Greedy,14,AAAAAAAAAAAAAA,24.514330892151808
Randomised Greedy,14,GGCGCCGCGCCGCC,32.75629031025393
Multiple Greedy,14,GTAAGAATAAACG,25.262792092324673
Enumeration & Scoring,14,AAGGAAGAAAAAAA,26.648219680577075
PSSM,14,TTTTTATTTTATTT,23.727270792620885
Threshold Refining,14,AAGGAAGAAAAAAA,26.648219680577075
Background Model,14,GTAAGAATAAACG,25.262792092324673
MEME(cd),14,AAGGGTTATATACT,26.817050702595637
MEME(de),14,AATAAACACATACA,25.873472399365994
STREME(cd),14,GGAAAAAAAAAAAA,25.936923417768654
STREME(de),14,AAAAAAAAAAATAG,25.160038813332655
